ALDEx2 Differential Abundance of Dams Wk2-Wk4 AMP vs Mock											
taxa n=19	we.ep	we.eBH	wi.ep	wi.eBH	rab.all	rab.win.mom.Amp	rab.win.mom.Mock	diff.btw	diff.win	effect	overlap
k__Bacteria;p__Firmicutes;c__Clostridia;o__Clostridiales	5.03E-16	1.26E-14	1.51E-11	3.77E-10	10.7541882	14.0238844	9.61999117	-4.3497589	1.00050147	-4.3297371	7.31E-05
k__Bacteria;p__Bacteroidetes;c__Bacteroidia;o__Bacteroidales	6.33E-15	1.58E-13	1.96E-09	2.96E-08	8.06242257	2.90728355	10.3948027	7.15917464	1.82103865	3.83868308	7.31E-05
k__Bacteria;p__Proteobacteria;c__Alphaproteobacteria;o__Rickettsiales	9.30E-10	1.15E-08	2.48E-08	2.07E-07	-0.2939859	1.84858069	-2.1948934	-3.9791118	1.60911868	-2.3623869	0.008326
k__Bacteria;__;__;__	4.65E-10	4.84E-09	1.30E-08	7.23E-08	5.43063956	2.70881214	7.08164851	4.4488751	1.99685973	2.16826772	0.01250089
k__Bacteria;p__Tenericutes;c__Mollicutes;o__RF39	2.29E-06	1.05E-05	8.01E-09	5.27E-08	0.67445343	-3.7060944	3.37389916	6.97720097	3.32970693	2.13525335	0.00416936
k__Bacteria;p__Verrucomicrobia;c__Verrucomicrobiae;o__Verrucomicrobiales	4.11E-07	2.14E-06	1.40E-08	7.78E-08	1.45800133	-0.8803409	5.93077178	7.22432422	4.08315424	1.74669848	0.00937619
k__Bacteria;p__Proteobacteria;__;__	8.62E-06	3.72E-05	3.35E-08	1.56E-07	0.8779277	-2.5309944	3.04059933	6.08324785	3.55680459	1.69375981	0.01354249
k__Bacteria;p__Firmicutes;c__Bacilli;o__Bacillales	2.92E-07	2.07E-06	1.44E-08	1.28E-07	0.18229197	7.66958723	-2.4181022	-9.5825078	5.67592681	-1.628766	0.01250089
k__Bacteria;p__Cyanobacteria;c__Chloroplast;o__Streptophyta	0.00084314	0.00216424	1.51E-05	6.72E-05	-1.4879406	0.69069081	-2.6216676	-3.2792689	2.00346937	-1.5592414	0.06770849
k__Bacteria;p__Actinobacteria;c__Coriobacteriia;o__Coriobacteriales	4.67E-05	0.00018909	1.75E-06	7.03E-06	-0.7360835	-3.9474465	0.47536011	4.64823483	2.86446185	1.49388077	0.02395879
k__Bacteria;p__Proteobacteria;c__Betaproteobacteria;o__Burkholderiales	0.01025708	0.02224756	0.00035092	0.00109138	-2.5891909	-0.0812847	-3.40302	-3.2817409	2.26486456	-1.2233772	0.11654535
k__Bacteria;p__Actinobacteria;c__Actinobacteria;o__Actinomycetales	0.00614936	0.01424987	0.00243134	0.0055837	-4.2578298	-1.4861683	-5.9463276	-4.0810247	3.99078451	-0.9292883	0.12799175
k__Bacteria;p__Proteobacteria;c__Gammaproteobacteria;o__Enterobacteriales	0.05042709	0.09354327	0.00265156	0.00674192	-1.5269184	0.13565377	-2.1226307	-2.2735086	2.13884633	-0.852081	0.15920921
k__Bacteria;p__Firmicutes;c__Erysipelotrichi;o__Erysipelotrichales	0.00758162	0.0221151	0.00220628	0.00632945	-0.2579934	-3.2111147	1.17899151	4.42161055	4.5087222	0.84341001	0.18854171
k__Bacteria;p__Firmicutes;c__Clostridia;__	0.01247111	0.03429814	0.002203	0.0062757	-1.7090858	-3.706901	-0.812805	2.98793797	3.23301422	0.78641096	0.15312506
k__Bacteria;p__Tenericutes;c__Mollicutes;o__Anaeroplasmatales	0.00429127	0.01274851	0.00091986	0.00283052	1.16631353	0.20134288	2.85922784	3.05678724	3.81427799	0.77269439	0.16545271
k__Bacteria;p__Proteobacteria;c__Alphaproteobacteria;o__Rhizobiales	0.04304588	0.07759737	0.03015268	0.04819931	-5.9137504	-3.8417163	-7.3012749	-3.4606408	4.46551778	-0.7097349	0.20083251
k__Bacteria;p__Firmicutes;c__Bacilli;o__Turicibacterales	0.02024847	0.05007585	0.00827929	0.019751	8.55716912	10.5426731	8.07857827	-2.4890565	3.1097123	-0.6518075	0.2260417
k__Bacteria;p__Proteobacteria;c__Gammaproteobacteria;o__Pseudomonadales	0.05170189	0.08969253	0.02470172	0.04927773	-5.8967934	-4.012613	-7.0985634	-3.1472893	4.21153118	-0.650978	0.19895838
											
ALDEx2 Differential Abundance of Dams Wk2-Wk4 AMOX/CLAV vs Mock											
taxa n=19	we.ep	we.eBH	wi.ep	wi.eBH	rab.all	rab.win.mom.Augmentin	rab.win.mom.Mock	diff.btw	diff.win	effect	overlap
k__Bacteria;p__Bacteroidetes;c__Bacteroidia;o__Bacteroidales	2.21E-14	5.95E-13	5.01E-13	3.63E-12	4.69740948	3.59412554	11.4171331	7.51930114	1.57622447	4.54009099	6.09E-05
k__Bacteria;p__Firmicutes;c__Clostridia;o__Clostridiales	2.67E-14	7.75E-13	8.47E-11	2.14E-09	12.6668823	14.4713675	10.7572526	-3.7170312	1.24477372	-2.8199998	0.0026049
k__Bacteria;p__Tenericutes;c__Mollicutes;o__RF39	1.47E-08	8.61E-08	4.54E-11	2.90E-10	-0.1462507	-3.0067354	4.44309846	7.3397049	3.13950765	2.40375772	0.0026049
k__Bacteria;p__Proteobacteria;__;__	1.86E-08	1.09E-07	4.84E-11	3.09E-10	0.07254319	-2.7676149	4.05611462	7.42182025	3.55764202	2.01367518	0.0026049
k__Bacteria;p__Verrucomicrobia;c__Verrucomicrobiae;o__Verrucomicrobiales	2.83E-08	1.39E-07	7.52E-12	5.93E-11	1.18481624	-0.5128911	7.02979069	7.91033372	3.91862218	1.90321352	0.00087602
k__Bacteria;p__Actinobacteria;c__Coriobacteriia;o__Coriobacteriales	8.71E-07	3.94E-06	8.04E-10	4.67E-09	-0.8268022	-3.9053721	1.61318896	5.64683341	2.93566908	1.83267125	0.00607767
k__Bacteria;p__Proteobacteria;c__Betaproteobacteria;o__Burkholderiales	0.00012204	0.00035532	9.47E-08	5.59E-07	-0.4265076	1.07549661	-2.3027339	-3.4395223	1.86625797	-1.6558443	0.03295773
k__Bacteria;p__Cyanobacteria;c__Chloroplast;o__Streptophyta	0.00021967	0.0007552	1.75E-07	1.01E-06	0.09301966	1.19960278	-1.4995416	-2.7202883	1.56781908	-1.600619	0.03472244
k__Bacteria;p__Proteobacteria;c__Alphaproteobacteria;o__Rickettsiales	4.58E-07	3.94E-06	1.34E-06	6.47E-06	0.51008025	1.72754154	-1.0294728	-2.6849293	1.7335258	-1.4642151	0.06163206
k__Bacteria;p__Proteobacteria;c__Gammaproteobacteria;o__Enterobacteriales	0.00077826	0.00249691	2.50E-06	9.19E-06	0.06523021	1.17531839	-1.0129815	-2.2720025	1.61477184	-1.2945964	0.05381958
k__Bacteria;p__Firmicutes;c__Clostridia;__	0.0003812	0.00148645	7.46E-06	3.26E-05	-1.636367	-3.8555444	0.40938202	4.10008644	3.31070879	1.1472522	0.07979194
k__Bacteria;p__Firmicutes;c__Bacilli;o__Lactobacillales	1.80E-05	7.87E-05	4.64E-05	0.00019345	6.75906153	4.2546414	8.57336839	3.90828012	3.25174862	1.09206736	0.13096276
k__Bacteria;p__Firmicutes;c__Bacilli;o__Bacillales	8.59E-06	4.92E-05	9.24E-07	4.86E-06	0.77127842	3.07417337	-1.2626894	-5.1757782	5.16078085	-1.0359616	0.07204871
k__Bacteria;p__Proteobacteria;c__Gammaproteobacteria;o__Pasteurellales	0.01866165	0.0406343	0.00047684	0.00138287	-0.5378974	0.77329227	-1.4451497	-2.3013304	2.67355172	-0.7353782	0.16045104
k__Bacteria;p__Actinobacteria;c__Actinobacteria;o__Actinomycetales	0.01737232	0.03602212	0.00473409	0.01033219	-3.1783616	-1.5603764	-4.8092985	-3.1641879	4.10592251	-0.6980356	0.18750003
k__Bacteria;p__Tenericutes;c__Mollicutes;o__Anaeroplasmatales	0.01595676	0.0561597	0.00086426	0.00313294	1.7853938	1.12450567	3.72600573	2.89898704	4.0942506	0.645626	0.19531253
k__Bacteria;p__Proteobacteria;c__Gammaproteobacteria;o__Pseudomonadales	0.05856162	0.10568484	0.02855583	0.04928884	-4.5661164	-3.1070454	-5.912795	-2.8891172	4.17867691	-0.6071411	0.23590635
k__Bacteria;p__Proteobacteria;c__Alphaproteobacteria;o__Rhizobiales	0.04939546	0.086845	0.02546237	0.04649545	-4.7270434	-3.2847019	-6.1859993	-2.7809075	4.18029038	-0.6018884	0.24131947
k__Bacteria;p__Firmicutes;c__Bacilli;o__Turicibacterales	0.07036816	0.13995225	0.01497416	0.03183289	9.74730089	10.8057368	9.25702184	-1.8928876	3.4623563	-0.4643986	0.25845622
											
ALDEx2 Differential Abundance of Dams E19-Wk1 AMP vs Mock											
taxa n=6	we.ep	we.eBH	wi.ep	wi.eBH	rab.all	rab.win.mom.Amp	rab.win.mom.Mock	diff.btw	diff.win	effect	overlap
k__Bacteria;p__Verrucomicrobia;c__Verrucomicrobiae;o__Verrucomicrobiales	0.00024982	0.01782644	0.00014717	0.01157571	10.6678953	2.88170768	12.6413772	9.72066298	4.51037465	1.649446	0.0681821
k__Bacteria;p__Firmicutes;c__Bacilli;o__Bacillales	0.0008283	0.02546196	0.00088042	0.02229827	3.31956361	6.61764723	2.00303819	-5.9364729	4.71959929	-1.1474659	0.09929097
k__Bacteria;p__Proteobacteria;c__Betaproteobacteria;o__Burkholderiales	0.00070738	0.02383075	0.00049581	0.01479488	2.79693646	5.02482702	1.46038229	-5.9616085	5.25733709	-1.1151344	0.08794348
k__Bacteria;p__Proteobacteria;c__Alphaproteobacteria;o__Rickettsiales	0.00137845	0.03220525	0.00097451	0.02219569	3.97161511	9.71158435	3.27338732	-7.3682527	5.39548027	-1.1134622	0.09943201
k__Bacteria;p__Proteobacteria;__;__	0.00311254	0.05086483	0.00208245	0.04268404	8.03731027	2.42168572	9.42943376	6.90534082	5.99127479	1.03269504	0.1347519
k__Bacteria;p__Tenericutes;c__Mollicutes;o__RF39	0.00654695	0.07332092	0.00144644	0.03813115	7.69368818	4.19311635	8.72308068	4.49020566	4.76769681	0.85941763	0.1234044
											
ALDEx2 Differential Abundance of Dams E19-Wk1 AMOX/CLAV vs Mock											
taxa n=4	we.ep	we.eBH	wi.ep	wi.eBH	rab.all	rab.win.mom.Augmentin	rab.win.mom.Mock	diff.btw	diff.win	effect	overlap
k__Bacteria;p__Verrucomicrobia;c__Verrucomicrobiae;o__Verrucomicrobiales	0.00010418	0.00501303	0.00011904	0.00737343	8.63521652	2.13106145	12.0569566	9.11734576	5.40510897	1.45947227	0.09375017
k__Bacteria;p__Firmicutes;c__Bacilli;o__Bacillales	0.00019742	0.00729702	0.0004998	0.01833864	2.82765052	8.0365041	1.4780884	-6.2615567	5.10864405	-1.2172557	0.1054689
k__Bacteria;p__Firmicutes;c__Bacilli;o__Lactobacillales	0.00099575	0.01376369	0.00088525	0.02250065	10.529197	9.39570579	11.8931046	2.42879607	2.35784657	0.99786266	0.13524068
k__Bacteria;p__Firmicutes;c__Erysipelotrichi;o__Erysipelotrichales	0.00107607	0.01432226	0.00111999	0.02523503	4.5660142	-0.7768744	6.24160497	6.16479218	5.44120973	0.97570181	0.15994807