SpectrumID	BA	Name	X.Scan.	SpectrumFile	LibraryName	MQScore	TIC_Query	RT_Query	MZErrorPPM	SharedPeaks	MassDiff	SpecMZ	SpecCharge	FileScanUniqueID	NumberHits	Compound_Name	Ion_Source	Instrument	Compound_Source	PI	Data_Collector	Adduct	Precursor_MZ	ExactMass	Charge	CAS_Number	Pubmed_ID	Smiles	INCHI	INCHI_AUX	Library_Class	IonMode	Organism	LibMZ	UpdateWorkflowName	LibraryQualityString	tags	molecular_formula	InChIKey	InChIKey.Planar	superclass	class	subclass	npclassifier_superclass	npclassifier_class	npclassifier_pathway	library_usi
CCMSLIB00006118712	unconjugated-tri	CA	6424	spectra_filtered.mgf	BIRMINGHAM-UHPLC-MS-POS.mgf	0.965928	302500000	0	1.56771	21	0.00128174	817.583	1	temp/spectra_filtered.mgf6424	1	cholic acid - 40.0 eV	ESI	Orbitrap	Isolated	PI	Data Collector	Unknown	817.584	0	1	NA	N/A	C[C@H](CCC(=O)O)[C@H]1CC[C@@H]2[C@@]1([C@H](C[C@H]3[C@H]2[C@@H](C[C@H]4[C@@]3(CC[C@H](C4)O)C)O)O)C	"InChI=1S/C24H40O5/c1-13(4-7-21(28)29)16-5-6-17-22-18(12-20(27)24(16,17)3)23(2)9-8-15(25)10-14(23)11-19(22)26/h13-20,22,25-27H,4-12H2,1-3H3,(H,28,29)/t13-,14+,15-,16-,17+,18+,19-,20+,22+,23+,24-/m1/s1"	N/A	1	Positive	BIRMINGHAM-UHPLC-MS-POS	817.584	UPDATE-SINGLE-ANNOTATED-GOLD	Gold	NA	C24H40O5	BHQCQFFYRZLCQQ-OELDTZBJSA-N	BHQCQFFYRZLCQQ	Lipids and lipid-like molecules	Steroids and steroid derivatives	"Bile acids, alcohols and derivatives"	Steroids	Cholane steroids	Terpenoids	mzspec:GNPS:GNPS-LIBRARY:CCMSLIB00006118712
CCMSLIB00005465582	tauro-tri	tauro-trihydroxy	5483	spectra_filtered.mgf	BILELIB19.mgf	0.945348	217760000	0	0.7093	21	3.66211e-4	516.299	1	temp/spectra_filtered.mgf5483	1	"2-((4R)-4-((3R,5S,7R,9S,10S,12S,13R,14S,17R)-3,7,12-trihydroxy-10,13-dimethylhexadecahydro-1H-cyclopenta[a]phenanthren-17-yl)pentanamido)ethane-1-sulfonic acid"""""	ESI	qTof	crude	Dorrestein	Emily Gentry	M+H	516.299	515.292	1	NA	NA	[H][C@@]12[C@H](O)C[C@]3([H])C[C@H](O)CC[C@]3(C)[C@H]1C[C@H](O)[C@@]4(C)[C@H]2CC[C@@H]4[C@@H](CCC(NCCS(=O)(O)=O)=O)C	"InChI=1S/C26H45NO7S/c1-15(4-7-23(31)27-10-11-35(32,33)34)18-5-6-19-24-20(14-22(30)26(18,19)3)25(2)9-8-17(28)12-16(25)13-21(24)29/h15-22,24,28-30H,4-14H2,1-3H3,(H,27,31)(H,32,33,34)/t15-,16+,17-,18-,19+,20+,21-,22+,24+,25+,26-/m1/s1"""""	N/A	1	Positive	BILELIB19	516.299	UPDATE-SINGLE-ANNOTATED-GOLD	Gold	NA	C26H45NO7S	WBWWGRHZICKQGZ-HZAMXZRMSA-N	WBWWGRHZICKQGZ	Lipids and lipid-like molecules	Steroids and steroid derivatives	"Bile acids, alcohols and derivatives"	Steroids	Cholane steroids	Terpenoids	mzspec:GNPS:GNPS-LIBRARY:CCMSLIB00005465582
CCMSLIB00006680127	tauro-tri	tauro-trihydroxy	5491	spectra_filtered.mgf	MONA.mgf	0.922658	741880000	0	0.343327	22	1.83105e-4	533.326	1	temp/spectra_filtered.mgf5491	1	TAUROCHOLIC ACID	ESI	Orbitrap	isolated	MoNA	MoNA:MoNA038726	M+NH4	533.326	0	1	N/A	N/A	C[C@H](CC/C(=N/CCS(=O)(=O)O)/O)[C@H]1CC[C@H]2[C@H]3[C@H](C[C@@H]([C@]12C)O)[C@@]4(C)CC[C@H](C[C@H]4C[C@H]3O)O	"InChI=1S/C26H45NO7S/c1-15(4-7-23(31)27-10-11-35(32,33)34)18-5-6-19-24-20(14-22(30)26(18,19)3)25(2)9-8-17(28)12-16(25)13-21(24)29/h15-22,24,28-30H,4-14H2,1-3H3,(H,27,31)(H,32,33,34)/t15-,16+,17-,18-,19+,20+,21-,22+,24+,25+,26-/m1/s1"""""	N/A	3	positive	MONA	533.326	UPDATE-SINGLE-ANNOTATED-BRONZE	Bronze	NA	C26H45NO7S	WBWWGRHZICKQGZ-HZAMXZRMSA-N	WBWWGRHZICKQGZ	Lipids and lipid-like molecules	Steroids and steroid derivatives	"Bile acids, alcohols and derivatives"	Steroids	Cholane steroids|Cholestane steroids	Terpenoids	mzspec:GNPS:GNPS-LIBRARY:CCMSLIB00006680127
CCMSLIB00010224385	tauro-tri	tauro-trihydroxy	5477	spectra_filtered.mgf	GNPS-BILE-ACID-MODIFICATIONS.mgf	0.920486	163430000	0	2.81726	18	0.00140381	498.289	1	temp/spectra_filtered.mgf5477	1	"Candidate Trihydroxylated bile acid (delta mass 88.9927; sirius atomic difference: 2C, 3H, 1N, 1O, 1S; spectral library match to CCMSLIB00005435562, taurocholic acid)"""""	LC-ESI	Orbitrap	Crude	Pieter Dorrestein	helenamrusso / mohantyipsita	M+H	498.288	498.288	0	N/A	N/A	N/A	N/A	N/A	4	Positive	GNPS-BILE-ACID-MODIFICATIONS	498.288	UPDATE-SINGLE-ANNOTATED-BRONZE	Insilico	NA	N/A	N/A	N/A	N/A	N/A	N/A	N/A	N/A	N/A	mzspec:GNPS:GNPS-LIBRARY:CCMSLIB00010224385
CCMSLIB00010229608	tauro-tri	tauro-trihydroxy	5141	spectra_filtered.mgf	GNPS-BILE-ACID-MODIFICATIONS.mgf	0.919616	29740000	0	0.858226	16	3.96729e-4	462.266	1	temp/spectra_filtered.mgf5141	1	"Candidate Trihydroxylated bile acid (delta mass 52.9715; buddy atomic difference: 2C, -1H, 1N, -1O, 1S; spectral library match to CCMSLIB00005435564, taurocholic acid)"""""	LC-ESI	Orbitrap	Crude	Pieter Dorrestein	helenamrusso / mohantyipsita	M+H	462.266	462.266	0	N/A	N/A	N/A	N/A	N/A	4	Positive	GNPS-BILE-ACID-MODIFICATIONS	462.266	UPDATE-SINGLE-ANNOTATED-BRONZE	Insilico	NA	N/A	N/A	N/A	N/A	N/A	N/A	N/A	N/A	N/A	mzspec:GNPS:GNPS-LIBRARY:CCMSLIB00010229608
CCMSLIB00010229608	tauro-tri	tauro-trihydroxy	5454	spectra_filtered.mgf	GNPS-BILE-ACID-MODIFICATIONS.mgf	0.916754	45630000	0	2.77273	18	0.00128174	462.265	1	temp/spectra_filtered.mgf5454	1	"Candidate Trihydroxylated bile acid (delta mass 52.9715; buddy atomic difference: 2C, -1H, 1N, -1O, 1S; spectral library match to CCMSLIB00005435564, taurocholic acid)"""""	LC-ESI	Orbitrap	Crude	Pieter Dorrestein	helenamrusso / mohantyipsita	M+H	462.266	462.266	0	N/A	N/A	N/A	N/A	N/A	4	Positive	GNPS-BILE-ACID-MODIFICATIONS	462.266	UPDATE-SINGLE-ANNOTATED-BRONZE	Insilico	NA	N/A	N/A	N/A	N/A	N/A	N/A	N/A	N/A	N/A	mzspec:GNPS:GNPS-LIBRARY:CCMSLIB00010229608
CCMSLIB00005465586	tauro-tri	tauro-trihydroxy	5470	spectra_filtered.mgf	BILELIB19.mgf	0.914427	106570000	0	3.11353	18	0.00149536	480.28	1	temp/spectra_filtered.mgf5470	1	"2-((4R)-4-((3R,5S,7R,9S,10S,12S,13R,14S,17R)-3,7,12-trihydroxy-10,13-dimethylhexadecahydro-1H-cyclopenta[a]phenanthren-17-yl)pentanamido)ethane-1-sulfonic acid"""""	ESI	qTof	crude	Dorrestein	Emily Gentry	M-2H2O+H	480.278	515.292	1	NA	NA	[H][C@@]12[C@H](O)C[C@]3([H])C[C@H](O)CC[C@]3(C)[C@H]1C[C@H](O)[C@@]4(C)[C@H]2CC[C@@H]4[C@@H](CCC(NCCS(=O)(O)=O)=O)C	"InChI=1S/C26H45NO7S/c1-15(4-7-23(31)27-10-11-35(32,33)34)18-5-6-19-24-20(14-22(30)26(18,19)3)25(2)9-8-17(28)12-16(25)13-21(24)29/h15-22,24,28-30H,4-14H2,1-3H3,(H,27,31)(H,32,33,34)/t15-,16+,17-,18-,19+,20+,21-,22+,24+,25+,26-/m1/s1"""""	N/A	1	Positive	BILELIB19	480.278	UPDATE-SINGLE-ANNOTATED-GOLD	Gold	NA	C26H45NO7S	WBWWGRHZICKQGZ-HZAMXZRMSA-N	WBWWGRHZICKQGZ	Lipids and lipid-like molecules	Steroids and steroid derivatives	"Bile acids, alcohols and derivatives"	Steroids	Cholane steroids	Terpenoids	mzspec:GNPS:GNPS-LIBRARY:CCMSLIB00005465586
CCMSLIB00010246028	unconjugated-tri	CA	6419	spectra_filtered.mgf	GNPS-BILE-ACID-MODIFICATIONS.mgf	0.912123	332400000	0	1.8804	17	7.01904e-4	373.274	1	temp/spectra_filtered.mgf6419	1	"Candidate Trihydroxylated bile acid (delta mass -36.0217; sirius atomic difference: -4H, -2O; buddy atomic difference: -4H, -2O; spectral library match to CCMSLIB00005463906, CHOLATE)"""""	LC-ESI	Orbitrap	Crude	Pieter Dorrestein	helenamrusso / mohantyipsita	M+H	373.273	373.273	0	N/A	N/A	N/A	N/A	N/A	4	Positive	GNPS-BILE-ACID-MODIFICATIONS	373.273	UPDATE-SINGLE-ANNOTATED-BRONZE	Insilico	NA	N/A	N/A	N/A	N/A	N/A	N/A	N/A	N/A	N/A	mzspec:GNPS:GNPS-LIBRARY:CCMSLIB00010246028
CCMSLIB00010227971	tauro-di	tauro-dihydroxy	5484	spectra_filtered.mgf	GNPS-BILE-ACID-MODIFICATIONS.mgf	0.909041	15360000	0	1.11742	12	5.18799e-4	464.284	1	temp/spectra_filtered.mgf5484	1	"Candidate Dihydroxylated bile acid (delta mass 70.9834; buddy atomic difference: 2C, 1H, 1N, 1S; spectral library match to CCMSLIB00005465596, """"""""2-((4R)-4-((3R,5S,7R,9S,10S,13R,14S,17R)-3,7-dihydroxy-10,13-dimethylhexadecahydro-1H-cyclopenta[a]phenanthren-17-yl)pentanamido)ethane-1-sulfonic acid"""""""")"""""	LC-ESI	Orbitrap	Crude	Pieter Dorrestein	helenamrusso / mohantyipsita	M+H	464.283	464.283	0	N/A	N/A	N/A	N/A	N/A	4	Positive	GNPS-BILE-ACID-MODIFICATIONS	464.283	UPDATE-SINGLE-ANNOTATED-BRONZE	Insilico	NA	N/A	N/A	N/A	N/A	N/A	N/A	N/A	N/A	N/A	mzspec:GNPS:GNPS-LIBRARY:CCMSLIB00010227971
CCMSLIB00010222881	tauro-penta	tauro-pentahydroxy	5092	spectra_filtered.mgf	GNPS-BILE-ACID-MODIFICATIONS.mgf	0.908458	139710000	0	4.26664	22	0.0022583	529.295	1	temp/spectra_filtered.mgf5092	1	"Candidate Pentahydroxylated bile acid (delta mass 88.0085; sirius atomic difference: 2C, 4H, 2N, 1S; buddy atomic difference: 2C, 4H, 2N, 1S)"""""	LC-ESI	Orbitrap	Crude	Pieter Dorrestein	helenamrusso / mohantyipsita	M+H	529.293	529.293	0	N/A	N/A	N/A	N/A	N/A	4	Positive	GNPS-BILE-ACID-MODIFICATIONS	529.293	UPDATE-SINGLE-ANNOTATED-BRONZE	Insilico	NA	N/A	N/A	N/A	N/A	N/A	N/A	N/A	N/A	N/A	mzspec:GNPS:GNPS-LIBRARY:CCMSLIB00010222881
CCMSLIB00003136615	unconjugated-tri	CA	6423	spectra_filtered.mgf	GNPS-NIST14-MATCHES.mgf	0.899661	226800000	0	0.60131	16	2.13623e-4	355.263	1	temp/spectra_filtered.mgf6423	1	Spectral Match to Cholic acid from NIST14	ESI	QqQ	Isolated	Data from Christopher A. Lowry	Data deposited by fevargas	M+H-3H2O	355.263	0	1	81254	N/A	N/A	N/A	N/A	3	Positive	GNPS-NIST14-MATCHES	355.263	UPDATE-SINGLE-ANNOTATED-BRONZE	Bronze	NA	N/A	N/A	N/A	N/A	N/A	N/A	N/A	N/A	N/A	mzspec:GNPS:GNPS-LIBRARY:CCMSLIB00003136615
CCMSLIB00010225755	tauro-tri	tauro-trihydroxy	5051	spectra_filtered.mgf	GNPS-BILE-ACID-MODIFICATIONS.mgf	0.897049	129930000	0	3.55831	18	0.00170898	480.278	1	temp/spectra_filtered.mgf5051	1	"Candidate Trihydroxylated bile acid (delta mass 70.9856; buddy atomic difference: 3C, -3H, 5N, -4O, 1S; spectral library match to CCMSLIB00005465562, """"""""2-((4R)-4-((3R,5S,9S,10S,13R,14S,17R)-3-hydroxy-10,13-dimethyl-7-oxohexadecahydro-1H-cyclopenta[a]phenanthren-17-yl)pentanamido)ethane-1-sulfonic acid"""""""")"""""	LC-ESI	Orbitrap	Crude	Pieter Dorrestein	helenamrusso / mohantyipsita	M+H	480.28	480.28	0	N/A	N/A	N/A	N/A	N/A	4	Positive	GNPS-BILE-ACID-MODIFICATIONS	480.28	UPDATE-SINGLE-ANNOTATED-BRONZE	Insilico	NA	N/A	N/A	N/A	N/A	N/A	N/A	N/A	N/A	N/A	mzspec:GNPS:GNPS-LIBRARY:CCMSLIB00010225755
CCMSLIB00010220874	tauro-tri	tauro-trihydroxy	4966	spectra_filtered.mgf	GNPS-BILE-ACID-MODIFICATIONS.mgf	0.895886	389340000	0	3.08519	24	0.00189209	613.283	1	temp/spectra_filtered.mgf4966	1	"Candidate Trihydroxylated bile acid (delta mass 203.9864; sirius atomic difference: 3C, 4H, 6N, 1O, 2S)"""""	LC-ESI	Orbitrap	Crude	Pieter Dorrestein	helenamrusso / mohantyipsita	M+H	613.281	613.281	0	N/A	N/A	N/A	N/A	N/A	4	Positive	GNPS-BILE-ACID-MODIFICATIONS	613.281	UPDATE-SINGLE-ANNOTATED-BRONZE	Insilico	NA	N/A	N/A	N/A	N/A	N/A	N/A	N/A	N/A	N/A	mzspec:GNPS:GNPS-LIBRARY:CCMSLIB00010220874
CCMSLIB00010222586	tauro-tri	tauro-trihydroxy	5017	spectra_filtered.mgf	GNPS-BILE-ACID-MODIFICATIONS.mgf	0.878933	218600000	0	2.86105	21	0.00152588	533.326	1	temp/spectra_filtered.mgf5017	1	"Candidate Trihydroxylated bile acid (delta mass 124.0329; sirius atomic difference: 2C, 8H, 2N, 2O, 1S; buddy atomic difference: 10C, 4H; spectral library match to CCMSLIB00006680127, TAUROCHOLIC ACID)"""""	LC-ESI	Orbitrap	Crude	Pieter Dorrestein	helenamrusso / mohantyipsita	M+H	533.328	533.328	0	N/A	N/A	N/A	N/A	N/A	4	Positive	GNPS-BILE-ACID-MODIFICATIONS	533.328	UPDATE-SINGLE-ANNOTATED-BRONZE	Insilico	NA	N/A	N/A	N/A	N/A	N/A	N/A	N/A	N/A	N/A	mzspec:GNPS:GNPS-LIBRARY:CCMSLIB00010222586
CCMSLIB00005465658	tauro-tri	tauro-trihydroxy	5081	spectra_filtered.mgf	BILELIB19.mgf	0.875528	82070000	0	0.612449	18	3.05176e-4	498.288	1	temp/spectra_filtered.mgf5081	1	"2-((4R)-4-((3R,5R,6S,7R,9S,10R,13R,14S,17R)-3,6,7-trihydroxy-10,13-dimethylhexadecahydro-1H-cyclopenta[a]phenanthren-17-yl)pentanamido)ethane-1-sulfonic acid"""""	ESI	qTof	crude	Dorrestein	Emily Gentry	M-H2O+H	498.288	515.292	1	NA	NA	[H][C@@]12[C@@H](O)[C@@H](O)[C@]3([H])C[C@H](O)CC[C@]3(C)[C@H]1CC[C@@]4(C)[C@H]2CC[C@@H]4[C@@H](CCC(NCCS(=O)(O)=O)=O)C	"InChI=1S/C26H45NO7S/c1-15(4-7-21(29)27-12-13-35(32,33)34)17-5-6-18-22-19(9-11-25(17,18)2)26(3)10-8-16(28)14-20(26)23(30)24(22)31/h15-20,22-24,28,30-31H,4-14H2,1-3H3,(H,27,29)(H,32,33,34)/t15-,16-,17-,18+,19+,20+,22+,23+,24-,25-,26-/m1/s1"""""	N/A	1	Positive	BILELIB19	498.288	UPDATE-SINGLE-ANNOTATED-GOLD	Gold	NA	C26H45NO7S	XSOLDPYUICCHJX-UZUDEGBHSA-N	XSOLDPYUICCHJX	Lipids and lipid-like molecules	Steroids and steroid derivatives	"Bile acids, alcohols and derivatives"	Steroids	Cholane steroids	Terpenoids	mzspec:GNPS:GNPS-LIBRARY:CCMSLIB00005465658
CCMSLIB00010221050	tauro-tetra	tauro-tetrahydroxy	4848	spectra_filtered.mgf	GNPS-BILE-ACID-MODIFICATIONS.mgf	0.874515	527920000	0	1.5976	21	9.76562e-4	611.267	1	temp/spectra_filtered.mgf4848	1	"Candidate Tetrahydroxylated bile acid (delta mass 185.9778; sirius atomic difference: 6C, -2H, 6N, 1S)"""""	LC-ESI	Orbitrap	Crude	Pieter Dorrestein	helenamrusso / mohantyipsita	M+H	611.268	611.268	0	N/A	N/A	N/A	N/A	N/A	4	Positive	GNPS-BILE-ACID-MODIFICATIONS	611.268	UPDATE-SINGLE-ANNOTATED-BRONZE	Insilico	NA	N/A	N/A	N/A	N/A	N/A	N/A	N/A	N/A	N/A	mzspec:GNPS:GNPS-LIBRARY:CCMSLIB00010221050
CCMSLIB00010223265	tauro-di	tauro-dihydroxy	6062	spectra_filtered.mgf	GNPS-BILE-ACID-MODIFICATIONS.mgf	0.869527	68540000	0	4.48329	17	0.00231934	517.331	1	temp/spectra_filtered.mgf6062	1	"Candidate Dihydroxylated bile acid (delta mass 124.0294; buddy atomic difference: 2C, 8H, 2N, 2O, 1S; spectral library match to CCMSLIB00006680044, TAUROURSODEOXYCHOLIC ACID)"""""	LC-ESI	Orbitrap	Crude	Pieter Dorrestein	helenamrusso / mohantyipsita	M+H	517.329	517.329	0	N/A	N/A	N/A	N/A	N/A	4	Positive	GNPS-BILE-ACID-MODIFICATIONS	517.329	UPDATE-SINGLE-ANNOTATED-BRONZE	Insilico	NA	N/A	N/A	N/A	N/A	N/A	N/A	N/A	N/A	N/A	mzspec:GNPS:GNPS-LIBRARY:CCMSLIB00010223265
CCMSLIB00010220846	tauro-tri	tauro-trihydroxy	4715	spectra_filtered.mgf	GNPS-BILE-ACID-MODIFICATIONS.mgf	0.867228	63730000	0	1.69188	16	0.0010376	613.283	1	temp/spectra_filtered.mgf4715	1	"Candidate Trihydroxylated bile acid (delta mass 203.9875; sirius atomic difference: 3C, 4H, 6N, 1O, 2S)"""""	LC-ESI	Orbitrap	Crude	Pieter Dorrestein	helenamrusso / mohantyipsita	M+H	613.282	613.282	0	N/A	N/A	N/A	N/A	N/A	4	Positive	GNPS-BILE-ACID-MODIFICATIONS	613.282	UPDATE-SINGLE-ANNOTATED-BRONZE	Insilico	NA	N/A	N/A	N/A	N/A	N/A	N/A	N/A	N/A	N/A	mzspec:GNPS:GNPS-LIBRARY:CCMSLIB00010220846
CCMSLIB00010228403	tauro-di	tauro-dihydroxy	6057	spectra_filtered.mgf	GNPS-BILE-ACID-MODIFICATIONS.mgf	0.864949	26020000	0	2.5635	15	0.00119019	464.283	1	temp/spectra_filtered.mgf6057	1	"Candidate Dihydroxylated bile acid (delta mass 70.9825; buddy atomic difference: 2C, 1H, 1N, 1S; spectral library match to CCMSLIB00005465541, """"""""2-((4R)-4-((3R,5R,6S,9S,10R,13R,14S,17R)-3,6-dihydroxy-10,13-dimethylhexadecahydro-1H-cyclopenta[a]phenanthren-17-yl)pentanamido)ethane-1-sulfonic acid"""""""")"""""	LC-ESI	Orbitrap	Crude	Pieter Dorrestein	helenamrusso / mohantyipsita	M+H	464.282	464.282	0	N/A	N/A	N/A	N/A	N/A	4	Positive	GNPS-BILE-ACID-MODIFICATIONS	464.282	UPDATE-SINGLE-ANNOTATED-BRONZE	Insilico	NA	N/A	N/A	N/A	N/A	N/A	N/A	N/A	N/A	N/A	mzspec:GNPS:GNPS-LIBRARY:CCMSLIB00010228403
CCMSLIB00010223777	conjugated-di	Leucine-Dihydroxy	7547	spectra_filtered.mgf	GNPS-BILE-ACID-MODIFICATIONS.mgf	0.864738	46410000	0	0.602656	16	3.05176e-4	506.385	1	temp/spectra_filtered.mgf7547	1	"Candidate Dihydroxylated bile acid (delta mass 113.0848; sirius atomic difference: 6C, 11H, 1N, 1O; buddy atomic difference: 6C, 11H, 1N, 1O; spectral library match to CCMSLIB00006582097, Ile/Leu-DCA; putative explanation: leucine/isoleucine)"""""	LC-ESI	Orbitrap	Crude	Pieter Dorrestein	helenamrusso / mohantyipsita	M+H	506.385	506.385	0	N/A	N/A	N/A	N/A	N/A	4	Positive	GNPS-BILE-ACID-MODIFICATIONS	506.385	UPDATE-SINGLE-ANNOTATED-BRONZE	Insilico	NA	N/A	N/A	N/A	N/A	N/A	N/A	N/A	N/A	N/A	mzspec:GNPS:GNPS-LIBRARY:CCMSLIB00010223777
CCMSLIB00005435565	tauro-tri	tauro-trihydroxy	5456	spectra_filtered.mgf	BILELIB19.mgf	0.864308	232120000	0	1.30165	17	0.00134277	1031.59	1	temp/spectra_filtered.mgf5456	1	taurocholic acid	ESI	Orbitrap	commercial	Dorrestein	A. Jarmusch	2M+H	1031.59	515.292	1	?81-24-3	N/A	C[C@H](CCC(=O)NCCS(=O)(=O)O)[C@H]1CC[C@@H]2[C@@]1([C@H](C[C@H]3[C@H]2[C@@H](C[C@H]4[C@@]3(CC[C@H](C4)O)C)O)O)C	"1S/C26H45NO7S/c1-15(4-7-23(31)27-10-11-35(32,33)34)18-5-6-19-24-20(14-22(30)26(18,19)3)25(2)9-8-17(28)12-16(25)13-21(24)29/h15-22,24,28-30H,4-14H2,1-3H3,(H,27,31)(H,32,33,34)/t15?,16-,17+,18+,19-,20-,21+,22-,24-,25?,26?/m0/s1"	N/A	1	Positive	BILELIB19	1031.59	UPDATE-SINGLE-ANNOTATED-GOLD	Gold	NA	C26H45NO7S	WBWWGRHZICKQGZ-HZAMXZRMSA-N	WBWWGRHZICKQGZ	Lipids and lipid-like molecules	Steroids and steroid derivatives	"Bile acids, alcohols and derivatives"	Steroids	Cholane steroids	Terpenoids	mzspec:GNPS:GNPS-LIBRARY:CCMSLIB00005435565
CCMSLIB00010225135	conjugated-tri	glycolic-acid-trihydroxy	6604	spectra_filtered.mgf	GNPS-BILE-ACID-MODIFICATIONS.mgf	0.859305	232270000	0	2.27776	21	0.00109863	482.33	1	temp/spectra_filtered.mgf6604	1	"Candidate Trihydroxylated bile acid (delta mass 73.0358; sirius atomic difference: 3C, 7H, 1N, -1O, 1S; buddy atomic difference: 3C, 7H, 1N, -1O, 1S)"""""	LC-ESI	Orbitrap	Crude	Pieter Dorrestein	helenamrusso / mohantyipsita	M+H	482.331	482.331	0	N/A	N/A	N/A	N/A	N/A	4	Positive	GNPS-BILE-ACID-MODIFICATIONS	482.331	UPDATE-SINGLE-ANNOTATED-BRONZE	Insilico	NA	N/A	N/A	N/A	N/A	N/A	N/A	N/A	N/A	N/A	mzspec:GNPS:GNPS-LIBRARY:CCMSLIB00010225135
CCMSLIB00010224085	conjugated-tri	108.04-trihydroxy	5637	spectra_filtered.mgf	GNPS-BILE-ACID-MODIFICATIONS.mgf	0.848503	403300000	0	2.20465	22	0.00109863	498.325	1	temp/spectra_filtered.mgf5637	1	"Candidate Trihydroxylated bile acid (delta mass 89.0311; sirius atomic difference: 3C, 7H, 1N, 1S; buddy atomic difference: 3H, 5N, 1O)"""""	LC-ESI	Orbitrap	Crude	Pieter Dorrestein	helenamrusso / mohantyipsita	M+H	498.326	498.326	0	N/A	N/A	N/A	N/A	N/A	4	Positive	GNPS-BILE-ACID-MODIFICATIONS	498.326	UPDATE-SINGLE-ANNOTATED-BRONZE	Insilico	NA	N/A	N/A	N/A	N/A	N/A	N/A	N/A	N/A	N/A	mzspec:GNPS:GNPS-LIBRARY:CCMSLIB00010224085
CCMSLIB00006114522	tauro-di	tauro-dihydroxy	6178	spectra_filtered.mgf	BIRMINGHAM-UHPLC-MS-POS.mgf	0.841326	42860000	0	0.975967	15	4.88281e-4	500.305	1	temp/spectra_filtered.mgf6178	1	Taurodeoxycholic acid - 40.0 eV	ESI	Orbitrap	Isolated	PI	Data Collector	M+H	500.305	0	1	NA	N/A	C[C@H](CCC(=O)NCCS(=O)(=O)O)[C@H]1CC[C@@H]2[C@@]1([C@H](C[C@H]3[C@H]2CC[C@H]4[C@@]3(CC[C@H](C4)O)C)O)C	"InChI=1S/C26H45NO6S/c1-16(4-9-24(30)27-12-13-34(31,32)33)20-7-8-21-19-6-5-17-14-18(28)10-11-25(17,2)22(19)15-23(29)26(20,21)3/h16-23,28-29H,4-15H2,1-3H3,(H,27,30)(H,31,32,33)/t16-,17-,18-,19+,20-,21+,22+,23+,25+,26-/m1/s1"	N/A	1	Positive	BIRMINGHAM-UHPLC-MS-POS	500.305	UPDATE-SINGLE-ANNOTATED-GOLD	Gold	NA	C26H45NO6S	AWDRATDZQPNJFN-VAYUFCLWSA-N	AWDRATDZQPNJFN	Lipids and lipid-like molecules	Steroids and steroid derivatives	"Bile acids, alcohols and derivatives"	Steroids	Cholane steroids	Terpenoids	mzspec:GNPS:GNPS-LIBRARY:CCMSLIB00006114522
CCMSLIB00010217554	tauro-tri	tauro-trihydroxy	5127	spectra_filtered.mgf	GNPS-BILE-ACID-MODIFICATIONS.mgf	0.84004	466600000	0	1.53832	17	0.00158691	1031.59	1	temp/spectra_filtered.mgf5127	1	"Candidate Trihydroxylated bile acid (delta mass 622.2951; sirius atomic difference: 21C, 42H, 12N, 8O, 1S; buddy atomic difference: 40C, 38H, 4N, 3O; spectral library match to CCMSLIB00005435579, taurohyocholic acid)"""""	LC-ESI	Orbitrap	Crude	Pieter Dorrestein	helenamrusso / mohantyipsita	M+H	1031.59	1031.59	0	N/A	N/A	N/A	N/A	N/A	4	Positive	GNPS-BILE-ACID-MODIFICATIONS	1031.59	UPDATE-SINGLE-ANNOTATED-BRONZE	Insilico	NA	N/A	N/A	N/A	N/A	N/A	N/A	N/A	N/A	N/A	mzspec:GNPS:GNPS-LIBRARY:CCMSLIB00010217554
CCMSLIB00004679256	conjugated-tri	phe-CA	6813	spectra_filtered.mgf	GNPS-LIBRARY.mgf	0.839343	21130000	0	0.987335	11	5.49316e-4	556.364	1	temp/spectra_filtered.mgf6813	1	Phenylalanocholic acid	LC-ESI	qTof	Lysate	Dorrestein	Quinn	M+H	556.363	0	1	NA	NA	NA	NA	NA	3	Positive	GNPS-LIBRARY	556.363	UPDATE-SINGLE-ANNOTATED-BRONZE	Bronze	NA	N/A	N/A	N/A	N/A	N/A	N/A	N/A	N/A	N/A	mzspec:GNPS:GNPS-LIBRARY:CCMSLIB00004679256
CCMSLIB00010227403	conjugated-di	glycolic-acid-dihydroxy	7581	spectra_filtered.mgf	GNPS-BILE-ACID-MODIFICATIONS.mgf	0.8287	75480000	0	1.04706	19	4.88281e-4	466.335	1	temp/spectra_filtered.mgf7581	1	"Candidate Dihydroxylated bile acid (delta mass 73.035; sirius atomic difference: 3C, 7H, 1N, -1O, 1S; buddy atomic difference: 3C, 7H, 1N, -1O, 1S)"""""	LC-ESI	Orbitrap	Crude	Pieter Dorrestein	helenamrusso / mohantyipsita	M+H	466.335	466.335	0	N/A	N/A	N/A	N/A	N/A	4	Positive	GNPS-BILE-ACID-MODIFICATIONS	466.335	UPDATE-SINGLE-ANNOTATED-BRONZE	Insilico	NA	N/A	N/A	N/A	N/A	N/A	N/A	N/A	N/A	N/A	mzspec:GNPS:GNPS-LIBRARY:CCMSLIB00010227403
CCMSLIB00010217507	tauro-tri	tauro-trihydroxy	5430	spectra_filtered.mgf	GNPS-BILE-ACID-MODIFICATIONS.mgf	0.825304	45070000	0	1.86257	9	0.00195312	1048.62	1	temp/spectra_filtered.mgf5430	1	"Candidate Trihydroxylated bile acid (delta mass 639.3203; sirius atomic difference: 31C, 45H, 9N, 4O, 1S; buddy atomic difference: 40C, 41H, 5N, 3O)"""""	LC-ESI	Orbitrap	Crude	Pieter Dorrestein	helenamrusso / mohantyipsita	M+H	1048.62	1048.62	0	N/A	N/A	N/A	N/A	N/A	4	Positive	GNPS-BILE-ACID-MODIFICATIONS	1048.62	UPDATE-SINGLE-ANNOTATED-BRONZE	Insilico	NA	N/A	N/A	N/A	N/A	N/A	N/A	N/A	N/A	N/A	mzspec:GNPS:GNPS-LIBRARY:CCMSLIB00010217507
CCMSLIB00010248446	unconjugated-di	DCA	7427	spectra_filtered.mgf	GNPS-BILE-ACID-MODIFICATIONS.mgf	0.821557	303200000	0	1.11042	17	3.96729e-4	357.279	1	temp/spectra_filtered.mgf7427	1	"Candidate Dihydroxylated bile acid (delta mass -36.0213; sirius atomic difference: -4H, -2O; buddy atomic difference: -4H, -2O; spectral library match to CCMSLIB00005463909, DEOXYCHOLATE)"""""	LC-ESI	Orbitrap	Crude	Pieter Dorrestein	helenamrusso / mohantyipsita	M+H	357.279	357.279	0	N/A	N/A	N/A	N/A	N/A	4	Positive	GNPS-BILE-ACID-MODIFICATIONS	357.279	UPDATE-SINGLE-ANNOTATED-BRONZE	Insilico	NA	N/A	N/A	N/A	N/A	N/A	N/A	N/A	N/A	N/A	mzspec:GNPS:GNPS-LIBRARY:CCMSLIB00010248446
CCMSLIB00010222809	tauro-tetra	tauro-tetrahydroxy	5385	spectra_filtered.mgf	GNPS-BILE-ACID-MODIFICATIONS.mgf	0.819261	70160000	0	3.56118	17	0.00189209	531.312	1	temp/spectra_filtered.mgf5385	1	"Candidate Tetrahydroxylated bile acid (delta mass 106.02; sirius atomic difference: 8C, 4H, -1O; buddy atomic difference: 11C, -2H, 4N, -5O)"""""	LC-ESI	Orbitrap	Crude	Pieter Dorrestein	helenamrusso / mohantyipsita	M+H	531.31	531.31	0	N/A	N/A	N/A	N/A	N/A	4	Positive	GNPS-BILE-ACID-MODIFICATIONS	531.31	UPDATE-SINGLE-ANNOTATED-BRONZE	Insilico	NA	N/A	N/A	N/A	N/A	N/A	N/A	N/A	N/A	N/A	mzspec:GNPS:GNPS-LIBRARY:CCMSLIB00010222809
CCMSLIB00010221284	tauro-di	tauro-dihydroxy	5380	spectra_filtered.mgf	GNPS-BILE-ACID-MODIFICATIONS.mgf	0.816794	41300000	0	0	12	0	597.288	1	temp/spectra_filtered.mgf5380	1	Candidate Dihydroxylated bile acid (delta mass 203.9885)	LC-ESI	Orbitrap	Crude	Pieter Dorrestein	helenamrusso / mohantyipsita	M+H	597.288	597.288	0	N/A	N/A	N/A	N/A	N/A	4	Positive	GNPS-BILE-ACID-MODIFICATIONS	597.288	UPDATE-SINGLE-ANNOTATED-BRONZE	Insilico	NA	N/A	N/A	N/A	N/A	N/A	N/A	N/A	N/A	N/A	mzspec:GNPS:GNPS-LIBRARY:CCMSLIB00010221284
CCMSLIB00010224517	conjugated-tri	108.04-trihydroxy	5519	spectra_filtered.mgf	GNPS-BILE-ACID-MODIFICATIONS.mgf	0.808806	106410000	0	3.62784	17	0.00180054	496.309	1	temp/spectra_filtered.mgf5519	1	"Candidate Tetrahydroxylated bile acid (delta mass 71.0209; sirius atomic difference: 3C, 5H, 1N, -1O, 1S; buddy atomic difference: 3C, 5H, 1N, -1O, 1S)"""""	LC-ESI	Orbitrap	Crude	Pieter Dorrestein	helenamrusso / mohantyipsita	M+H	496.311	496.311	0	N/A	N/A	N/A	N/A	N/A	4	Positive	GNPS-BILE-ACID-MODIFICATIONS	496.311	UPDATE-SINGLE-ANNOTATED-BRONZE	Insilico	NA	N/A	N/A	N/A	N/A	N/A	N/A	N/A	N/A	N/A	mzspec:GNPS:GNPS-LIBRARY:CCMSLIB00010224517
CCMSLIB00010222809	tauro-tetra	tauro-tetrahydroxy	4988	spectra_filtered.mgf	GNPS-BILE-ACID-MODIFICATIONS.mgf	0.808108	52810000	0	2.41241	15	0.00128174	531.311	1	temp/spectra_filtered.mgf4988	1	"Candidate Tetrahydroxylated bile acid (delta mass 106.02; sirius atomic difference: 8C, 4H, -1O; buddy atomic difference: 11C, -2H, 4N, -5O)"""""	LC-ESI	Orbitrap	Crude	Pieter Dorrestein	helenamrusso / mohantyipsita	M+H	531.31	531.31	0	N/A	N/A	N/A	N/A	N/A	4	Positive	GNPS-BILE-ACID-MODIFICATIONS	531.31	UPDATE-SINGLE-ANNOTATED-BRONZE	Insilico	NA	N/A	N/A	N/A	N/A	N/A	N/A	N/A	N/A	N/A	mzspec:GNPS:GNPS-LIBRARY:CCMSLIB00010222809
CCMSLIB00010225168	conjugated-tri	glycolic-acid-trihydroxy	6217	spectra_filtered.mgf	GNPS-BILE-ACID-MODIFICATIONS.mgf	0.788167	52760000	0	1.83486	11	8.8501e-4	482.329	1	temp/spectra_filtered.mgf6217	1	"Candidate Trihydroxylated bile acid (delta mass 73.0347; sirius atomic difference: 3C, 7H, 1N, -1O, 1S; buddy atomic difference: 3C, 7H, 1N, -1O, 1S)"""""	LC-ESI	Orbitrap	Crude	Pieter Dorrestein	helenamrusso / mohantyipsita	M+H	482.33	482.33	0	N/A	N/A	N/A	N/A	N/A	4	Positive	GNPS-BILE-ACID-MODIFICATIONS	482.33	UPDATE-SINGLE-ANNOTATED-BRONZE	Insilico	NA	N/A	N/A	N/A	N/A	N/A	N/A	N/A	N/A	N/A	mzspec:GNPS:GNPS-LIBRARY:CCMSLIB00010225168
CCMSLIB00010225531	conjugated-tri	glycolic-acid-trihydroxy	6704	spectra_filtered.mgf	GNPS-BILE-ACID-MODIFICATIONS.mgf	0.780739	15700000	0	0.19061	11	9.15527e-5	480.314	1	temp/spectra_filtered.mgf6704	1	"Candidate Tetrahydroxylated bile acid (delta mass 55.0242; sirius atomic difference: 6C, 1H, 1N, -2O; buddy atomic difference: 3C, 5H, 1N, -2O, 1S)"""""	LC-ESI	Orbitrap	Crude	Pieter Dorrestein	helenamrusso / mohantyipsita	M+H	480.314	480.314	0	N/A	N/A	N/A	N/A	N/A	4	Positive	GNPS-BILE-ACID-MODIFICATIONS	480.314	UPDATE-SINGLE-ANNOTATED-BRONZE	Insilico	NA	N/A	N/A	N/A	N/A	N/A	N/A	N/A	N/A	N/A	mzspec:GNPS:GNPS-LIBRARY:CCMSLIB00010225531
CCMSLIB00010220970	tauro-tri	tauro-trihydroxy	6158	spectra_filtered.mgf	GNPS-BILE-ACID-MODIFICATIONS.mgf	0.767007	8380000	0	4.47851	5	0.00274658	613.283	1	temp/spectra_filtered.mgf6158	1	"Candidate Trihydroxylated bile acid (delta mass 203.9851; sirius atomic difference: 3C, 4H, 6N, 1O, 2S; buddy atomic difference: 6C, 6N, 1O, 1S)"""""	LC-ESI	Orbitrap	Crude	Pieter Dorrestein	helenamrusso / mohantyipsita	M+H	613.28	613.28	0	N/A	N/A	N/A	N/A	N/A	4	Positive	GNPS-BILE-ACID-MODIFICATIONS	613.28	UPDATE-SINGLE-ANNOTATED-BRONZE	Insilico	NA	N/A	N/A	N/A	N/A	N/A	N/A	N/A	N/A	N/A	mzspec:GNPS:GNPS-LIBRARY:CCMSLIB00010220970
manual	conjugated-tri	108.04-trihydroxy	5202																																												
manual	tauro-tri	tauro-trihydroxy	4724																																												
manual	tauro-tri	tauro-trihydroxy	6158																																												
manual	tauro-tri	tauro-trihydroxy	4946																																												