filename,ATTRIBUTE_Age,ATTRIBUTE_abtreatment,ATTRIBUTE_vaccine,filename2,ATTRIBUTE_day,ATTRIBUTE_time
MEIC1D15,infant,Amp,PCV 20,P2_A1_MEIC1D15.mzML,15,t=3
MEIC2D15,infant,Amp,PCV 20,P2_A2_MEIC2D15.mzML,15,t=3
MEIC3D15,infant,Amp,PBS,P2_A3_MEIC3D15.mzML,15,t=3
MEIC4D15,infant,Amp,PBS,P2_A4_MEIC4D15.mzML,15,t=3
MEIC6D15,infant,Amp,PBS,P2_A5_MEIC6D15.mzML,15,t=3
MEIC8D15,infant,Augmentin,PCV 20,P2_A6_MEIC8D15.mzML,15,t=3
MEIC9D14,infant,Augmentin,PCV 20,P2_A7_MEIC9D14.mzML,14,t=3
MEIC10D15,infant,Augmentin,PBS,P2_A8_MEIC10D15.mzML,15,t=3
MEIC11D15,infant,Augmentin,PCV 20,P2_A9_MEIC11D15.mzML,15,t=3
MEIC12D14,infant,Augmentin,PBS,P2_A10_MEIC12D14.mzML,14,t=3
MEIC13D15,infant,Augmentin,PCV 20,P2_A11_MEIC13D15.mzML,15,t=3
MEIC14D14,infant,Augmentin,PCV 20,P2_A12_MEIC14D14.mzML,14,t=3
MEIC15D14,infant,Mock,PCV 20,P2_B1_MEIC15D14.mzML,14,t=3
MEIC16D14,infant,Mock,PCV 20,P2_B2_MEIC16D14.mzML,14,t=3
MEIC17D14,infant,Mock,PCV 20,P2_B3_MEIC17D14.mzML,14,t=3
MEIC18D14,infant,Mock,PBS,P2_B4_MEIC18D14.mzML,14,t=3
MEIC19D14,infant,Mock,PBS,P2_B5_MEIC19D14.mzML,14,t=3
MEIC20D14,infant,Mock,PBS,P2_B6_MEIC20D14.mzML,14,t=3
MEIC1D22,infant,Amp,PCV 20,P2_B7_MEIC1D22.mzML,22,t=4
MEIC2D22,infant,Amp,PCV 20,P2_B8_MEIC2D22.mzML,22,t=4
MEIC3D22,infant,Amp,PBS,P2_B9_MEIC3D22.mzML,22,t=4
MEIC4D22,infant,Amp,PBS,P2_B10_MEIC4D22.mzML,22,t=4
MEIC6D22,infant,Amp,PBS,P2_B11_MEIC6D22.mzML,22,t=4
MEIC8D22,infant,Augmentin,PCV 20,P2_B12_MEIC8D22.mzML,22,t=4
MEIC9D21,infant,Augmentin,PCV 20,P2_C1_MEIC9D21.mzML,21,t=4
MEIC10D22,infant,Augmentin,PBS,P2_C2_MEIC10D22.mzML,22,t=4
MEIC11D22,infant,Augmentin,PCV 20,P2_C3_MEIC11D22.mzML,22,t=4
MEIC12D21,infant,Augmentin,PBS,P2_C4_MEIC12D21.mzML,21,t=4
MEIC13D22,infant,Augmentin,PCV 20,P2_C5_MEIC13D22.mzML,22,t=4
MEIC14D21,infant,Augmentin,PCV 20,P2_C6_MEIC14D21.mzML,21,t=4
MEIC15D21,infant,Mock,PCV 20,P2_C7_MEIC15D21.mzML,21,t=4
MEIC16D21,infant,Mock,PCV 20,P2_C8_MEIC16D21.mzML,21,t=4
MEIC17D21,infant,Mock,PCV 20,P2_C9_MEIC17D21.mzML,21,t=4
MEIC18D21,infant,Mock,PBS,P2_C10_MEIC18D21.mzML,21,t=4
MEIC19D21,infant,Mock,PBS,P2_C11_MEIC19D21.mzML,21,t=4
MEIC20D21,infant,Mock,PBS,P2_C12_MEIC20D21.mzML,21,t=4
MEIC1D29,infant,Amp,PCV 20,P2_D1_MEIC1D29.mzML,29,t=5
MEIC2D29,infant,Amp,PCV 20,P2_D2_MEIC2D29.mzML,29,t=5
MEIC3D29,infant,Amp,PBS,P2_D3_MEIC3D29.mzML,29,t=5
MEIC4D29,infant,Amp,PBS,P2_D4_MEIC4D29.mzML,29,t=5
MEIC6D29,infant,Amp,PBS,P2_D5_MEIC6D29.mzML,29,t=5
MEIC8D29,infant,Augmentin,PCV 20,P2_D6_MEIC8D29.mzML,29,t=5
MEIC9D28,infant,Augmentin,PCV 20,P2_D7_MEIC9D28.mzML,28,t=5
MEIC9D28,infant,Augmentin,PCV 20,P2_E7_MEIC9D28.mzML,28,t=5
MEIC10D29,infant,Augmentin,PBS,P2_D8_MEIC10D29.mzML,29,t=5
MEIC11D29,infant,Augmentin,PCV 20,P2_D9_MEIC11D29.mzML,29,t=5
MEIC12D28,infant,Augmentin,PBS,P2_D10_MEIC12D28.mzML,28,t=5
MEIC13D29,infant,Augmentin,PCV 20,P2_D11_MEIC13D29.mzML,29,t=5
MEIC14D28,infant,Augmentin,PCV 20,P2_D12_MEIC14D28.mzML,28,t=5
MEIC15D28,infant,Mock,PCV 20,P2_E1_MEIC15D28.mzML,28,t=5
MEIC16D28,infant,Mock,PCV 20,P2_E2_MEIC16D28.mzML,28,t=5
MEIC17D28,infant,Mock,PCV 20,P2_E3_MEIC17D28.mzML,28,t=5
MEIC18D28,infant,Mock,PBS,P2_E4_MEIC18D28.mzML,28,t=5
MEIC19D28,infant,Mock,PBS,P2_E5_MEIC19D28.mzML,28,t=5
MEIC20D28,infant,Mock,PBS,P2_E6_MEIC20D28.mzML,28,t=5
MEC1D0,mom,Amp,NA,P1_A1_MEC1D0.mzML,0,t=1
MEC2D0,mom,Amp,NA,P1_A2_MEC2D0.mzML,0,t=1
MEC3D0,mom,Amp,NA,P1_A3_MEC3D0.mzML,0,t=1
MEC4D0,mom,Amp,NA,P1_A4_MEC4D0.mzML,0,t=1
MEC6D0,mom,Amp,NA,P1_A5_MEC6D0.mzML,0,t=1
MEC8D0,mom,Augmentin,NA,P1_A6_MEC8D0.mzML,0,t=1
MEC10D0,mom,Augmentin,NA,P1_B1_MEC10D0.mzML,0,t=1
MEC11D0,mom,Augmentin,NA,P1_B2_MEC11D0.mzML,0,t=1
MEC13D0,mom,Augmentin,NA,P1_B3_MEC13D0.mzML,0,t=1
MEC5D0,mom,Amp,NA,P1_B4_MEC5D0.mzML,0,t=1
MEC90D0,mom,Augmentin,NA,P1_B5_MEC90D0.mzML,0,t=1
MEC12D0,mom,Augmentin,NA,P1_B6_MEC12D0.mzML,0,t=1
MEC14D0,mom,Augmentin,NA,P1_C1_MEC14D0.mzML,0,t=1
MEC15D0,mom,Mock,NA,P1_C2_MEC15D0.mzML,0,t=1
MEC16D0,mom,Mock,NA,P1_C3_MEC16D0.mzML,0,t=1
MEC17D0,mom,Mock,NA,P1_C4_MEC17D0.mzML,0,t=1
MEC18D0,mom,Mock,NA,P1_C5_MEC18D0.mzML,0,t=1
MEC19D0,mom,Mock,NA,P1_C6_MEC19D0.mzML,0,t=1
MEC20D0,mom,Mock,NA,P1_D1_MEC20D0.mzML,0,t=1
MEC1D8,mom,Amp,NA,P1_D2_MEC1D8.mzML,8,t=2
MEC2D8,mom,Amp,NA,P1_D3_MEC2D8.mzML,8,t=2
MEC3D8,mom,Amp,NA,P1_D4_MEC3D8.mzML,8,t=2
MEC4D8,mom,Amp,NA,P1_D5_MEC4D8.mzML,8,t=2
MEC6D8,mom,Amp,NA,P1_D6_MEC6D8.mzML,8,t=2
MEC8D8,mom,Augmentin,NA,P1_E1_MEC8D8.mzML,8,t=2
MEC9D7,mom,Augmentin,NA,P1_E2_MEC9D7.mzML,7,t=2
MEC10D8,mom,Augmentin,NA,P1_E3_MEC10D8.mzML,8,t=2
MEC11D8,mom,Augmentin,NA,P1_E4_MEC11D8.mzML,8,t=2
MEC12D7,mom,Augmentin,NA,P1_E5_MEC12D7.mzML,7,t=2
MEC13D8,mom,Augmentin,NA,P1_E6_MEC13D8.mzML,8,t=2
MEC14D7,mom,Augmentin,NA,P1_F1_MEC14D7.mzML,7,t=2
MEC15D7,mom,Mock,NA,P1_F2_MEC15D7.mzML,7,t=2
MEC16D7,mom,Mock,NA,P1_F3_MEC16D7.mzML,7,t=2
MEC17D7,mom,Mock,NA,P1_F4_MEC17D7.mzML,7,t=2
MEC18D7,mom,Mock,NA,P1_F5_MEC18D7.mzML,7,t=2
MEC19D7,mom,Mock,NA,P1_F6_MEC19D7.mzML,7,t=2
MEC20D7,mom,Mock,NA,P1_G1_MEC20D7.mzML,7,t=2
MEC1D15,mom,Amp,NA,P1_G2_MEC1D15.mzML,15,t=3
MEC2D15,mom,Amp,NA,P1_G3_MEC2D15.mzML,15,t=3
MEC3D15,mom,Amp,NA,P1_G4_MEC3D15.mzML,15,t=3
MEC4D15,mom,Amp,NA,P1_G5_MEC4D15.mzML,15,t=3
MEC6D15,mom,Amp,NA,P1_G6_MEC6D15.mzML,15,t=3
MEC8D15,mom,Augmentin,NA,P1_H1_MEC8D15.mzML,15,t=3
MEC9D14,mom,Augmentin,NA,P1_H2_MEC9D14.mzML,14,t=3
MEC10D15,mom,Augmentin,NA,P1_H3_MEC10D15.mzML,15,t=3
MEC11D15,mom,Augmentin,NA,P1_H4_MEC11D15.mzML,15,t=3
MEC12D14,mom,Augmentin,NA,P1_H5_MEC12D14.mzML,14,t=3
MEC13D15,mom,Augmentin,NA,P1_H6_MEC13D15.mzML,15,t=3
MEC14D14,mom,Augmentin,NA,P1_A7_MEC14D14.mzML,14,t=3
MEC15D14,mom,Mock,NA,P1_A8_MEC15D14.mzML,14,t=3
MEC16D14,mom,Mock,NA,P1_A9_MEC16D14.mzML,14,t=3
MEC17D14,mom,Mock,NA,P1_A10_MEC17D14.mzML,14,t=3
MEC18D14,mom,Mock,NA,P1_A11_MEC18D14.mzML,14,t=3
MEC19D14,mom,Mock,NA,P1_A12_MEC19D14.mzML,14,t=3
MEC20D14,mom,Mock,NA,P1_B8_MEC20D14.mzML,14,t=3
MEC1D22,mom,Amp,NA,P1_B9_MEC1D22.mzML,22,t=4
MEC2D22,mom,Amp,NA,P1_B10_MEC2D22.mzML,22,t=4
MEC3D22,mom,Amp,NA,P1_B11_MEC3D22.mzML,22,t=4
MEC4D22,mom,Amp,NA,P1_B12_MEC4D22.mzML,22,t=4
MEC6D22,mom,Amp,NA,P1_C7_MEC6D22.mzML,22,t=4
MEC8D22,mom,Augmentin,NA,P1_C8_MEC8D22.mzML,22,t=4
MEC9D21,mom,Augmentin,NA,P1_B7_MEC9D21.mzML,21,t=4
MEC10D22,mom,Augmentin,NA,P1_C9_MEC10D22.mzML,22,t=4
MEC11D22,mom,Augmentin,NA,P1_C10_MEC11D22.mzML,22,t=4
MEC12D21,mom,Augmentin,NA,P1_C11_MEC12D21.mzML,21,t=4
MEC13D22,mom,Augmentin,NA,P1_C12_MEC13D22.mzML,22,t=4
MEC14D21,mom,Augmentin,NA,P1_D7_MEC14D21.mzML,21,t=4
MEC15D21,mom,Mock,NA,P1_D8_MEC15D21.mzML,21,t=4
MEC16D21,mom,Mock,NA,P1_D9_MEC16D21.mzML,21,t=4
MEC17D21,mom,Mock,NA,P1_D10_MEC17D21.mzML,21,t=4
MEC18D21,mom,Mock,NA,P1_D11_MEC18D21.mzML,21,t=4
MEC19D21,mom,Mock,NA,P1_D12_MEC19D21.mzML,21,t=4
MEC20D21,mom,Mock,NA,P1_E7_MEC20D21.mzML,21,t=4
MEC1D29,mom,Amp,NA,P1_E8_MEC1D29.mzML,29,t=5
MEC2D29,mom,Amp,NA,P1_E9_MEC2D29.mzML,29,t=5
MEC3D29,mom,Amp,NA,P1_E10_MEC3D29.mzML,29,t=5
MEC4D29,mom,Amp,NA,P1_E11_MEC4D29.mzML,29,t=5
MEC6D29,mom,Amp,NA,P1_E12_MEC6D29.mzML,29,t=5
MEC8D29,mom,Augmentin,NA,P1_F7_MEC8D29.mzML,29,t=5
MEC9D28,mom,Augmentin,NA,P1_F8_MEC9D28.mzML,28,t=5
MEC10D29,mom,Augmentin,NA,P1_F9_MEC10D29.mzML,29,t=5
MEC11D29,mom,Augmentin,NA,P1_F10_MEC11D29.mzML,29,t=5
MEC12D28,mom,Augmentin,NA,P1_F11_MEC12D28.mzML,28,t=5
MEC13D29,mom,Augmentin,NA,P1_F12_MEC13D29.mzML,29,t=5
MEC14D28,mom,Augmentin,NA,P1_G7_MEC14D28.mzML,28,t=5
MEC15D28,mom,Mock,NA,P1_G8_MEC15D28.mzML,28,t=5
MEC16D28,mom,Mock,NA,P1_G9_MEC16D28.mzML,28,t=5
MEC17D28,mom,Mock,NA,P1_G10_MEC17D28.mzML,28,t=5
MEC18D28,mom,Mock,NA,P1_G11_MEC18D28.mzML,28,t=5
MEC19D28,mom,Mock,NA,P1_G12_MEC19D28.mzML,28,t=5